[{"model": "admin.logentry", "pk": 1, "fields": {"action_time": "2026-01-28T08:40:18.462Z", "user": 1, "content_type": 13, "object_id": "1", "object_repr": "Surxondaryo", "action_flag": 1, "change_message": "[{\"added\": {}}]"}}, {"model": "admin.logentry", "pk": 2, "fields": {"action_time": "2026-01-28T08:41:56.576Z", "user": 1, "content_type": 13, "object_id": "1", "object_repr": "Surxondaryo", "action_flag": 3, "change_message": ""}}, {"model": "admin.logentry", "pk": 3, "fields": {"action_time": "2026-01-28T08:44:33.740Z", "user": 1, "content_type": 13, "object_id": "2", "object_repr": "Andijon viloyati", "action_flag": 1, "change_message": "[{\"added\": {}}]"}}, {"model": "admin.logentry", "pk": 4, "fields": {"action_time": "2026-01-28T08:48:28.855Z", "user": 1, "content_type": 13, "object_id": "3", "object_repr": "Buxoro viloyati", "action_flag": 1, "change_message": "[{\"added\": {}}]"}}, {"model": "admin.logentry", "pk": 5, "fields": {"action_time": "2026-01-28T08:49:25.719Z", "user": 1, "content_type": 13, "object_id": "4", "object_repr": "Fargʻona viloyati", "action_flag": 1, "change_message": "[{\"added\": {}}]"}}, {"model": "admin.logentry", "pk": 6, "fields": {"action_time": "2026-01-28T08:50:07.192Z", "user": 1, "content_type": 13, "object_id": "5", "object_repr": "Jizzax viloyati", "action_flag": 1, "change_message": "[{\"added\": {}}]"}}, {"model": "admin.logentry", "pk": 7, "fields": {"action_time": "2026-01-28T08:52:13.996Z", "user": 1, "content_type": 13, "object_id": "6", "object_repr": "Xorazm viloyati", "action_flag": 1, "change_message": "[{\"added\": {}}]"}}, {"model": "admin.logentry", "pk": 8, "fields": {"action_time": "2026-01-28T08:52:59.853Z", "user": 1, "content_type": 13, "object_id": "7", "object_repr": "Namangan viloyati", "action_flag": 1, "change_message": "[{\"added\": {}}]"}}, {"model": "admin.logentry", "pk": 9, "fields": {"action_time": "2026-01-28T08:56:22.918Z", "user": 1, "content_type": 13, "object_id": "8", "object_repr": "Qashqadaryo viloyati", "action_flag": 1, "change_message": "[{\"added\": {}}]"}}, {"model": "admin.logentry", "pk": 10, "fields": {"action_time": "2026-01-28T08:56:54.062Z", "user": 1, "content_type": 13, "object_id": "9", "object_repr": "Samarqand viloyati", "action_flag": 1, "change_message": "[{\"added\": {}}]"}}, {"model": "admin.logentry", "pk": 11, "fields": {"action_time": "2026-01-28T08:58:07.252Z", "user": 1, "content_type": 13, "object_id": "10", "object_repr": "Sirdaryo viloyati", "action_flag": 1, "change_message": "[{\"added\": {}}]"}}, {"model": "admin.logentry", "pk": 12, "fields": {"action_time": "2026-01-28T08:58:34.344Z", "user": 1, "content_type": 13, "object_id": "11", "object_repr": "Surxondaryo viloyati", "action_flag": 1, "change_message": "[{\"added\": {}}]"}}, {"model": "admin.logentry", "pk": 13, "fields": {"action_time": "2026-01-28T08:59:33.445Z", "user": 1, "content_type": 13, "object_id": "12", "object_repr": "Toshkent viloyati", "action_flag": 1, "change_message": "[{\"added\": {}}]"}}, {"model": "admin.logentry", "pk": 14, "fields": {"action_time": "2026-01-28T09:00:26.417Z", "user": 1, "content_type": 13, "object_id": "13", "object_repr": "Toshkent shahri", "action_flag": 1, "change_message": "[{\"added\": {}}]"}}, {"model": "admin.logentry", "pk": 15, "fields": {"action_time": "2026-01-28T09:13:18.555Z", "user": 1, "content_type": 7, "object_id": "1", "object_repr": "Indoor swimming pool,", "action_flag": 1, "change_message": "[{\"added\": {}}]"}}, {"model": "admin.logentry", "pk": 16, "fields": {"action_time": "2026-01-28T09:13:34.931Z", "user": 1, "content_type": 7, "object_id": "2", "object_repr": "wellness center", "action_flag": 1, "change_message": "[{\"added\": {}}]"}}, {"model": "admin.logentry", "pk": 17, "fields": {"action_time": "2026-01-28T09:13:52.590Z", "user": 1, "content_type": 7, "object_id": "3", "object_repr": "Free Wi‑Fi", "action_flag": 1, "change_message": "[{\"added\": {}}]"}}, {"model": "admin.logentry", "pk": 18, "fields": {"action_time": "2026-01-28T09:15:18.024Z", "user": 1, "content_type": 10, "object_id": "1", "object_repr": "Hilton Tashkent City", "action_flag": 1, "change_message": "[{\"added\": {}}]"}}, {"model": "admin.logentry", "pk": 19, "fields": {"action_time": "2026-01-28T09:17:52.228Z", "user": 1, "content_type": 7, "object_id": "4", "object_repr": "Restaurant on‑site", "action_flag": 1, "change_message": "[{\"added\": {}}]"}}, {"model": "admin.logentry", "pk": 20, "fields": {"action_time": "2026-01-28T09:18:01.488Z", "user": 1, "content_type": 10, "object_id": "2", "object_repr": "Hyatt Regency Tashkent", "action_flag": 1, "change_message": "[{\"added\": {}}]"}}, {"model": "admin.logentry", "pk": 21, "fields": {"action_time": "2026-01-28T09:19:00.178Z", "user": 1, "content_type": 7, "object_id": "5", "object_repr": "On‑site parking, Wi‑Fi", "action_flag": 1, "change_message": "[{\"added\": {}}]"}}, {"model": "admin.logentry", "pk": 22, "fields": {"action_time": "2026-01-28T09:19:13.987Z", "user": 1, "content_type": 10, "object_id": "3", "object_repr": "3) InterContinental Tashkent by IHG", "action_flag": 1, "change_message": "[{\"added\": {}}]"}}, {"model": "admin.logentry", "pk": 23, "fields": {"action_time": "2026-01-28T09:20:28.950Z", "user": 1, "content_type": 7, "object_id": "6", "object_repr": "• Parkovka, konditsioner", "action_flag": 1, "change_message": "[{\"added\": {}}]"}}, {"model": "admin.logentry", "pk": 24, "fields": {"action_time": "2026-01-28T09:20:41.091Z", "user": 1, "content_type": 10, "object_id": "4", "object_repr": "Lotte City Hotel Tashkent Palace", "action_flag": 1, "change_message": "[{\"added\": {}}]"}}, {"model": "admin.logentry", "pk": 25, "fields": {"action_time": "2026-01-28T09:21:37.962Z", "user": 1, "content_type": 10, "object_id": "5", "object_repr": "INTERNATIONAL HOTEL TASHKENT", "action_flag": 1, "change_message": "[{\"added\": {}}]"}}, {"model": "admin.logentry", "pk": 26, "fields": {"action_time": "2026-01-28T09:22:31.097Z", "user": 1, "content_type": 10, "object_id": "6", "object_repr": "Central Palace Hotel", "action_flag": 1, "change_message": "[{\"added\": {}}]"}}, {"model": "admin.logentry", "pk": 27, "fields": {"action_time": "2026-01-28T09:24:30.761Z", "user": 1, "content_type": 7, "object_id": "7", "object_repr": "Breakfast included", "action_flag": 1, "change_message": "[{\"added\": {}}]"}}, {"model": "admin.logentry", "pk": 28, "fields": {"action_time": "2026-01-28T09:24:40.424Z", "user": 1, "content_type": 10, "object_id": "7", "object_repr": "Hotel Vazira", "action_flag": 1, "change_message": "[{\"added\": {}}]"}}, {"model": "admin.logentry", "pk": 29, "fields": {"action_time": "2026-01-28T09:25:24.061Z", "user": 1, "content_type": 10, "object_id": "8", "object_repr": "Savitsky Plaza", "action_flag": 1, "change_message": "[{\"added\": {}}]"}}, {"model": "admin.logentry", "pk": 30, "fields": {"action_time": "2026-01-28T09:26:20.719Z", "user": 1, "content_type": 10, "object_id": "9", "object_repr": "Marokand Spa Hotel", "action_flag": 1, "change_message": "[{\"added\": {}}]"}}, {"model": "admin.logentry", "pk": 31, "fields": {"action_time": "2026-01-28T09:27:04.847Z", "user": 1, "content_type": 10, "object_id": "10", "object_repr": "Hanifa Boutique Hotel", "action_flag": 1, "change_message": "[{\"added\": {}}]"}}, {"model": "admin.logentry", "pk": 32, "fields": {"action_time": "2026-01-28T09:27:55.487Z", "user": 1, "content_type": 10, "object_id": "11", "object_repr": "Wellness Park Hotel Bactria", "action_flag": 1, "change_message": "[{\"added\": {}}]"}}, {"model": "admin.logentry", "pk": 33, "fields": {"action_time": "2026-01-28T09:29:08.869Z", "user": 1, "content_type": 10, "object_id": "12", "object_repr": "Asia Fergana Hotel", "action_flag": 1, "change_message": "[{\"added\": {}}]"}}, {"model": "admin.logentry", "pk": 34, "fields": {"action_time": "2026-01-28T09:32:52.284Z", "user": 1, "content_type": 10, "object_id": "13", "object_repr": "Voyage Hotel", "action_flag": 1, "change_message": "[{\"added\": {}}]"}}, {"model": "admin.logentry", "pk": 35, "fields": {"action_time": "2026-01-28T09:33:55.061Z", "user": 1, "content_type": 10, "object_id": "14", "object_repr": "TANTANA HOTEL FERGANA", "action_flag": 1, "change_message": "[{\"added\": {}}]"}}, {"model": "admin.logentry", "pk": 36, "fields": {"action_time": "2026-01-28T09:34:51.346Z", "user": 1, "content_type": 10, "object_id": "15", "object_repr": "Hotel Ziyorat", "action_flag": 1, "change_message": "[{\"added\": {}}]"}}, {"model": "admin.logentry", "pk": 37, "fields": {"action_time": "2026-01-28T09:36:01.986Z", "user": 1, "content_type": 10, "object_id": "16", "object_repr": "Oydin Plaza Hotel", "action_flag": 1, "change_message": "[{\"added\": {}}]"}}, {"model": "admin.logentry", "pk": 38, "fields": {"action_time": "2026-01-28T09:36:57.935Z", "user": 1, "content_type": 10, "object_id": "17", "object_repr": "Shedevr Plaza", "action_flag": 1, "change_message": "[{\"added\": {}}]"}}, {"model": "admin.logentry", "pk": 39, "fields": {"action_time": "2026-01-28T09:37:59.936Z", "user": 1, "content_type": 10, "object_id": "18", "object_repr": "Akhsikent Hotel", "action_flag": 1, "change_message": "[{\"added\": {}}]"}}, {"model": "admin.logentry", "pk": 40, "fields": {"action_time": "2026-01-28T09:39:05.932Z", "user": 1, "content_type": 10, "object_id": "19", "object_repr": "ROYAL PLAZA Hotel", "action_flag": 1, "change_message": "[{\"added\": {}}]"}}, {"model": "admin.logentry", "pk": 41, "fields": {"action_time": "2026-01-28T10:37:12.442Z", "user": 1, "content_type": 12, "object_id": "1", "object_repr": "Image of Hilton Tashkent City", "action_flag": 1, "change_message": "[{\"added\": {}}]"}}, {"model": "admin.logentry", "pk": 42, "fields": {"action_time": "2026-01-28T10:38:23.703Z", "user": 1, "content_type": 12, "object_id": "2", "object_repr": "Image of Hyatt Regency Tashkent", "action_flag": 1, "change_message": "[{\"added\": {}}]"}}, {"model": "admin.logentry", "pk": 43, "fields": {"action_time": "2026-01-28T10:39:21.106Z", "user": 1, "content_type": 12, "object_id": "3", "object_repr": "Image of 3) InterContinental Tashkent by IHG", "action_flag": 1, "change_message": "[{\"added\": {}}]"}}, {"model": "admin.logentry", "pk": 44, "fields": {"action_time": "2026-01-28T10:40:13.373Z", "user": 1, "content_type": 12, "object_id": "4", "object_repr": "Image of Lotte City Hotel Tashkent Palace", "action_flag": 1, "change_message": "[{\"added\": {}}]"}}, {"model": "admin.logentry", "pk": 45, "fields": {"action_time": "2026-01-28T10:41:27.160Z", "user": 1, "content_type": 12, "object_id": "5", "object_repr": "Image of INTERNATIONAL HOTEL TASHKENT", "action_flag": 1, "change_message": "[{\"added\": {}}]"}}, {"model": "admin.logentry", "pk": 46, "fields": {"action_time": "2026-01-28T10:42:02.275Z", "user": 1, "content_type": 12, "object_id": "6", "object_repr": "Image of Central Palace Hotel", "action_flag": 1, "change_message": "[{\"added\": {}}]"}}, {"model": "auth.user", "pk": 1, "fields": {"password": "pbkdf2_sha256$1200000$tEzUSiAAfxiJEnIqZdBtaS$NqUo3U1UUyFOScxK5VquH3cW2owwk7CeIABLsfWblW4=", "last_login": "2026-01-28T10:36:10.300Z", "is_superuser": true, "username": "salohiddin", "first_name": "", "last_name": "", "email": "", "is_staff": true, "is_active": true, "date_joined": "2026-01-27T20:37:09.052Z", "groups": [], "user_permissions": []}}, {"model": "sessions.session", "pk": "jp09ibh7qvuzmyqrlwrace64of02bwn9", "fields": {"session_data": ".eJxVjDsOwjAQBe_iGln2xl9Kes5grbMLDiBbipMKcXcSKQW0b2beWyRcl5LWznOaSJyFFqffLeP45LoDemC9Nzm2usxTlrsiD9rltRG_Lof7d1Cwl60eQhw8WJeVMRCCQRgJrdLgHVO00ThnsycgHayBqKK-sdsMnckRBxSfL6WSNvE:1vkpoL:KSNBdFDZf6npxaYvJ51drPLnE9liHUm1RIEtIO71xD0", "expire_date": "2026-02-10T20:37:17.012Z"}}, {"model": "sessions.session", "pk": "o7iu7gphi7s4a24tgk9l90zd2xaapkld", "fields": {"session_data": ".eJxVjDsOwjAQBe_iGln2xl9Kes5grbMLDiBbipMKcXcSKQW0b2beWyRcl5LWznOaSJyFFqffLeP45LoDemC9Nzm2usxTlrsiD9rltRG_Lof7d1Cwl60eQhw8WJeVMRCCQRgJrdLgHVO00ThnsycgHayBqKK-sdsMnckRBxSfL6WSNvE:1vl2uA:uRUT5GqJ8Bx2p1rWBtSfqnGeBraAcg44ey1lRlMuM4A", "expire_date": "2026-02-11T10:36:10.307Z"}}, {"model": "main.region", "pk": 2, "fields": {"name": "Andijon viloyati", "image": "regions/Andijon_viloyat.jpeg", "location": "https://www.google.com/maps?q=40.7821,72.3442"}}, {"model": "main.region", "pk": 3, "fields": {"name": "Buxoro viloyati", "image": "regions/Buxoro.jpeg", "location": "https://www.google.com/maps?q=39.7681,64.4556"}}, {"model": "main.region", "pk": 4, "fields": {"name": "Fargʻona viloyati", "image": "regions/Fargʻona_viloyati.jpeg", "location": "https://www.google.com/maps?q=40.3864,71.7864"}}, {"model": "main.region", "pk": 5, "fields": {"name": "Jizzax viloyati", "image": "regions/Jizzax_viloyati.jpeg", "location": "https://www.google.com/maps?q=40.1158,67.8422"}}, {"model": "main.region", "pk": 6, "fields": {"name": "Xorazm viloyati", "image": "regions/Xorazm_viloyati.jpeg", "location": "https://www.google.com/maps?q=41.5500,60.6333"}}, {"model": "main.region", "pk": 7, "fields": {"name": "Namangan viloyati", "image": "regions/Namangan_viloyati.jpeg", "location": "https://www.google.com/maps?q=40.9983,71.6726"}}, {"model": "main.region", "pk": 8, "fields": {"name": "Qashqadaryo viloyati", "image": "regions/Qashqadaryo_bUWKCvn.jpeg", "location": "https://www.google.com/maps?q=38.8610,65.7847"}}, {"model": "main.region", "pk": 9, "fields": {"name": "Samarqand viloyati", "image": "regions/Samarqand_7sQdsP3.jpeg", "location": "https://www.google.com/maps?q=39.6542,66.9597"}}, {"model": "main.region", "pk": 10, "fields": {"name": "Sirdaryo viloyati", "image": "regions/Sirdaryo_viloyati.jpeg", "location": "https://www.google.com/maps?q=40.5018,68.7813"}}, {"model": "main.region", "pk": 11, "fields": {"name": "Surxondaryo viloyati", "image": "regions/Surxondaryo_CX73DSn.jpeg", "location": "https://www.google.com/maps?q=37.9400,67.5700"}}, {"model": "main.region", "pk": 12, "fields": {"name": "Toshkent viloyati", "image": "regions/Toshkent_viloyati_.jpeg", "location": "https://www.google.com/maps?q=41.2995,69.2401"}}, {"model": "main.region", "pk": 13, "fields": {"name": "Toshkent shahri", "image": "regions/Toshkent_shahri_.jpeg", "location": "https://www.google.com/maps?q=41.3111,69.2797"}}, {"model": "main.amenity", "pk": 1, "fields": {"name": "Indoor swimming pool,", "icon": "Indoor swimming pool,"}}, {"model": "main.amenity", "pk": 2, "fields": {"name": "wellness center", "icon": "wellness center"}}, {"model": "main.amenity", "pk": 3, "fields": {"name": "Free Wi‑Fi", "icon": "Free Wi‑Fi"}}, {"model": "main.amenity", "pk": 4, "fields": {"name": "Restaurant on‑site", "icon": "Restaurant on‑site"}}, {"model": "main.amenity", "pk": 5, "fields": {"name": "On‑site parking, Wi‑Fi", "icon": "On‑site parking, Wi‑Fi"}}, {"model": "main.amenity", "pk": 6, "fields": {"name": "• Parkovka, konditsioner", "icon": "• Parkovka, konditsioner"}}, {"model": "main.amenity", "pk": 7, "fields": {"name": "Breakfast included", "icon": "Breakfast included"}}, {"model": "main.district", "pk": 1, "fields": {"region": 13, "name": "Hilton Tashkent City", "price_per_night": 200, "latitude": "41.314170", "longitude": "69.248860", "average_rating": 5.0, "is_active": true, "created_at": "2026-01-28T09:15:18.019Z", "updated_at": "2026-01-28T09:15:18.019Z", "amenities": [1, 2, 3]}}, {"model": "main.district", "pk": 2, "fields": {"region": 13, "name": "Hyatt Regency Tashkent", "price_per_night": 200, "latitude": "41.316370", "longitude": "69.277940", "average_rating": 5.0, "is_active": true, "created_at": "2026-01-28T09:18:01.484Z", "updated_at": "2026-01-28T09:18:01.484Z", "amenities": [1, 2, 3, 4]}}, {"model": "main.district", "pk": 3, "fields": {"region": 13, "name": "3) InterContinental Tashkent by IHG", "price_per_night": 180, "latitude": "41.315110", "longitude": "69.282630", "average_rating": 5.0, "is_active": true, "created_at": "2026-01-28T09:19:13.983Z", "updated_at": "2026-01-28T09:19:13.983Z", "amenities": [1, 2, 3, 4, 5]}}, {"model": "main.district", "pk": 4, "fields": {"region": 13, "name": "Lotte City Hotel Tashkent Palace", "price_per_night": 90, "latitude": "41.309850", "longitude": "69.268690", "average_rating": 5.0, "is_active": true, "created_at": "2026-01-28T09:20:41.087Z", "updated_at": "2026-01-28T09:20:41.087Z", "amenities": [1, 2, 3, 4, 5, 6]}}, {"model": "main.district", "pk": 5, "fields": {"region": 13, "name": "INTERNATIONAL HOTEL TASHKENT", "price_per_night": 80, "latitude": "41.337530", "longitude": "69.283550", "average_rating": 4.0, "is_active": true, "created_at": "2026-01-28T09:21:37.957Z", "updated_at": "2026-01-28T09:21:37.957Z", "amenities": [1, 2, 3, 4, 6]}}, {"model": "main.district", "pk": 6, "fields": {"region": 13, "name": "Central Palace Hotel", "price_per_night": 68, "latitude": "41.304530", "longitude": "69.267580", "average_rating": 5.0, "is_active": true, "created_at": "2026-01-28T09:22:31.094Z", "updated_at": "2026-01-28T09:22:31.094Z", "amenities": [1, 2, 3]}}, {"model": "main.district", "pk": 7, "fields": {"region": 9, "name": "Hotel Vazira", "price_per_night": 100, "latitude": "39.649170", "longitude": "66.969670", "average_rating": 5.0, "is_active": true, "created_at": "2026-01-28T09:24:40.420Z", "updated_at": "2026-01-28T09:24:40.420Z", "amenities": [1, 3, 4, 5, 7]}}, {"model": "main.district", "pk": 8, "fields": {"region": 9, "name": "Savitsky Plaza", "price_per_night": 90, "latitude": "39.660560", "longitude": "67.056690", "average_rating": 4.0, "is_active": true, "created_at": "2026-01-28T09:25:24.057Z", "updated_at": "2026-01-28T09:25:24.057Z", "amenities": [4, 5, 7]}}, {"model": "main.district", "pk": 9, "fields": {"region": 9, "name": "Marokand Spa Hotel", "price_per_night": 50, "latitude": "39.656000", "longitude": "66.960000", "average_rating": 3.0, "is_active": true, "created_at": "2026-01-28T09:26:20.716Z", "updated_at": "2026-01-28T09:26:20.716Z", "amenities": [3, 5, 6]}}, {"model": "main.district", "pk": 10, "fields": {"region": 9, "name": "Hanifa Boutique Hotel", "price_per_night": 60, "latitude": "39.657500", "longitude": "66.960000", "average_rating": 4.0, "is_active": true, "created_at": "2026-01-28T09:27:04.843Z", "updated_at": "2026-01-28T09:27:04.843Z", "amenities": [2, 3, 4]}}, {"model": "main.district", "pk": 11, "fields": {"region": 9, "name": "Wellness Park Hotel Bactria", "price_per_night": 80, "latitude": "39.666000", "longitude": "67.010000", "average_rating": 5.0, "is_active": true, "created_at": "2026-01-28T09:27:55.484Z", "updated_at": "2026-01-28T09:27:55.484Z", "amenities": [4, 5, 6, 7]}}, {"model": "main.district", "pk": 12, "fields": {"region": 4, "name": "Asia Fergana Hotel", "price_per_night": 199, "latitude": "40.372000", "longitude": "71.776000", "average_rating": 5.0, "is_active": true, "created_at": "2026-01-28T09:29:08.865Z", "updated_at": "2026-01-28T09:29:08.865Z", "amenities": [3, 4, 7]}}, {"model": "main.district", "pk": 13, "fields": {"region": 4, "name": "Voyage Hotel", "price_per_night": 100, "latitude": "40.373000", "longitude": "71.789941", "average_rating": 5.0, "is_active": true, "created_at": "2026-01-28T09:32:52.281Z", "updated_at": "2026-01-28T09:32:52.281Z", "amenities": [1, 2, 3, 4]}}, {"model": "main.district", "pk": 14, "fields": {"region": 4, "name": "TANTANA HOTEL FERGANA", "price_per_night": 120, "latitude": "40.396798", "longitude": "71.765271", "average_rating": 5.0, "is_active": true, "created_at": "2026-01-28T09:33:55.058Z", "updated_at": "2026-01-28T09:33:55.058Z", "amenities": [1, 2, 3]}}, {"model": "main.district", "pk": 15, "fields": {"region": 4, "name": "Hotel Ziyorat", "price_per_night": 100, "latitude": "40.387391", "longitude": "71.790501", "average_rating": 5.0, "is_active": true, "created_at": "2026-01-28T09:34:51.342Z", "updated_at": "2026-01-28T09:34:51.342Z", "amenities": [3, 4, 5, 6, 7]}}, {"model": "main.district", "pk": 16, "fields": {"region": 7, "name": "Oydin Plaza Hotel", "price_per_night": 120, "latitude": "40.998565", "longitude": "71.644531", "average_rating": 5.0, "is_active": true, "created_at": "2026-01-28T09:36:01.983Z", "updated_at": "2026-01-28T09:36:01.983Z", "amenities": [3, 4, 5, 6, 7]}}, {"model": "main.district", "pk": 17, "fields": {"region": 7, "name": "Shedevr Plaza", "price_per_night": 90, "latitude": "40.993840", "longitude": "71.676860", "average_rating": 4.0, "is_active": true, "created_at": "2026-01-28T09:36:57.930Z", "updated_at": "2026-01-28T09:36:57.930Z", "amenities": [1, 2, 3]}}, {"model": "main.district", "pk": 18, "fields": {"region": 7, "name": "Akhsikent Hotel", "price_per_night": 100, "latitude": "41.019617", "longitude": "71.631910", "average_rating": 5.0, "is_active": true, "created_at": "2026-01-28T09:37:59.932Z", "updated_at": "2026-01-28T09:37:59.932Z", "amenities": [4, 5, 6]}}, {"model": "main.district", "pk": 19, "fields": {"region": 8, "name": "ROYAL PLAZA Hotel", "price_per_night": 100, "latitude": "38.846470", "longitude": "65.785570", "average_rating": 3.0, "is_active": true, "created_at": "2026-01-28T09:39:05.929Z", "updated_at": "2026-01-28T09:39:05.929Z", "amenities": [1, 2]}}, {"model": "main.districtimage", "pk": 1, "fields": {"district": 1, "image": "districts/gallery/hiltan.jpeg"}}, {"model": "main.districtimage", "pk": 2, "fields": {"district": 2, "image": "districts/gallery/Hyatt_Regency_Tashkent.jpg"}}, {"model": "main.districtimage", "pk": 3, "fields": {"district": 3, "image": "districts/gallery/3_InterContinental_Tashkent_by_IHG.jpeg"}}, {"model": "main.districtimage", "pk": 4, "fields": {"district": 4, "image": "districts/gallery/Lotte_City_Hotel_Tashkent_Palace.jpeg"}}, {"model": "main.districtimage", "pk": 5, "fields": {"district": 5, "image": "districts/gallery/INTERNATIONAL_HOTEL_TASHKENT.jpeg"}}, {"model": "main.districtimage", "pk": 6, "fields": {"district": 6, "image": "districts/gallery/Central_Palace_Hotel.jpeg"}}]
